Comarca;Ano;Municipios da comarca;Populacao (IBGE);Ano de referencia da populacao;Dias corridos;Dias uteis;Dias nao uteis;Sabados e domingos;Feriados estaduais em dia de semana;Recesso forense em dia de semana;Pontos facultativos e suspensoes por portaria em dia de semana;Feriados locais em dia de semana;Horas de atendimento ao publico (12h as 18h)
Abaeté;2018;3;28904;2018;365;230;135;104;13;11;2;5;1380
Abre Campo;2018;6;72055;2018;365;231;134;104;13;11;2;4;1386
Águas Formosas;2018;7;51096;2018;365;232;133;104;13;11;2;3;1392
Aimorés;2018;1;25193;2018;365;230;135;104;13;11;2;5;1380
Aiuruoca;2018;7;26593;2018;365;232;133;104;13;11;2;3;1392
Alfenas;2018;2;87151;2018;365;231;134;104;13;11;2;4;1386
Almenara;2018;7;86877;2018;365;232;133;104;13;11;2;3;1392
Alpinópolis;2018;2;27116;2018;365;232;133;104;13;11;2;3;1392
Alto Rio Doce;2018;2;17920;2018;365;231;134;104;13;11;2;4;1386
Alvinópolis;2018;3;23143;2018;365;232;133;104;13;11;2;3;1392
Além Paraíba;2018;3;44166;2018;365;231;134;104;13;11;2;4;1386
Andradas;2018;2;44230;2018;365;232;133;104;13;11;2;3;1392
Andrelândia;2018;5;34309;2018;365;231;134;104;13;11;2;4;1386
Araguari;2018;2;123520;2018;365;229;136;104;13;11;2;6;1374
Araxá;2018;2;109794;2018;365;231;134;104;13;11;2;4;1386
Araçuaí;2018;6;106766;2018;365;231;134;104;13;11;2;4;1386
Arcos;2018;2;48063;2018;365;231;134;104;13;11;2;4;1386
Areado;2018;2;29369;2018;365;232;133;104;13;11;2;3;1392
Arinos;2018;4;51099;2018;365;231;134;104;13;11;2;4;1386
Açucena;2018;3;42910;2018;365;233;132;104;13;11;2;2;1398
Baependi;2018;1;19094;2018;365;231;134;104;13;11;2;4;1386
Bambuí;2018;3;29407;2018;365;230;135;104;13;11;2;5;1380
Barbacena;2018;12;196155;2018;365;232;133;104;13;11;2;3;1392
Barroso;2018;1;20720;2018;365;232;133;104;13;11;2;3;1392
Barão de Cocais;2018;2;38350;2018;365;233;132;104;13;11;2;2;1398
Belo Horizonte;2018;1;2501576;2018;365;232;133;104;13;11;2;3;1392
Belo Vale;2018;2;12614;2018;365;231;134;104;13;11;2;4;1386
Betim;2018;1;432575;2018;365;232;133;104;13;11;2;3;1392
Bicas;2018;4;24518;2018;365;232;133;104;13;11;2;3;1392
Boa Esperança;2018;3;61525;2018;365;232;133;104;13;11;2;3;1392
Bocaiúva;2018;5;73345;2018;365;232;133;104;13;11;2;3;1392
Bom Despacho;2018;2;57645;2018;365;232;133;104;13;11;2;3;1392
Bom Sucesso;2018;3;39014;2018;365;233;132;104;13;11;2;2;1398
Bonfim;2018;4;22628;2018;365;231;134;104;13;11;2;4;1386
Bonfinópolis de Minas;2018;4;20695;2018;365;230;135;104;13;11;2;5;1380
Borda da Mata;2018;2;23295;2018;365;232;133;104;13;11;2;3;1392
Botelhos;2018;1;14995;2018;365;231;134;104;13;11;2;4;1386
Brasília de Minas;2018;6;68037;2018;365;231;134;104;13;11;2;4;1386
Brasópolis;2018;2;23058;2018;365;231;134;104;13;11;2;4;1386
Brumadinho;2018;1;39520;2018;365;234;131;104;13;11;2;1;1404
Bueno Brandão;2018;2;17075;2018;365;231;134;104;13;11;2;4;1386
Buenópolis;2018;3;19927;2018;365;232;133;104;13;11;2;3;1392
Buritis;2018;2;34094;2018;365;231;134;104;13;11;2;4;1386
Cabo Verde;2018;2;20071;2018;365;231;134;104;13;11;2;4;1386
Cachoeira de Minas;2018;2;23039;2018;365;233;132;104;13;11;2;2;1398
Caeté;2018;3;54150;2018;365;232;133;104;13;11;2;3;1392
Caldas;2018;1;14417;2018;365;230;135;104;13;11;2;5;1380
Camanducaia;2018;2;31420;2018;365;232;133;104;13;11;2;3;1392
Cambuquira;2018;1;12816;2018;365;233;132;104;13;11;2;2;1398
Cambuí;2018;4;48902;2018;365;231;134;104;13;11;2;4;1386
Campanha;2018;2;25213;2018;365;230;135;104;13;11;2;5;1380
Campestre;2018;2;26769;2018;365;231;134;104;13;11;2;4;1386
Campina Verde;2018;1;19738;2018;365;231;134;104;13;11;2;4;1386
Campo Belo;2018;4;75781;2018;365;231;134;104;13;11;2;4;1386
Campos Altos;2018;2;18699;2018;365;232;133;104;13;11;2;3;1392
Campos Gerais;2018;2;40361;2018;365;232;133;104;13;11;2;3;1392
Candeias;2018;1;14883;2018;365;231;134;104;13;11;2;4;1386
Canápolis;2018;2;22450;2018;365;234;131;104;13;11;2;1;1404
Capelinha;2018;3;59937;2018;365;232;133;104;13;11;2;3;1392
Capinópolis;2018;3;23003;2018;365;230;135;104;13;11;2;5;1380
Carandaí;2018;3;33200;2018;365;232;133;104;13;11;2;3;1392
Carangola;2018;3;47207;2018;365;231;134;104;13;11;2;4;1386
Caratinga;2018;11;169082;2018;365;233;132;104;13;11;2;2;1398
Carlos Chagas;2018;1;19007;2018;365;232;133;104;13;11;2;3;1392
Carmo da Mata;2018;1;11439;2018;365;231;134;104;13;11;2;4;1386
Carmo de Minas;2018;2;17776;2018;365;232;133;104;13;11;2;3;1392
Carmo do Cajuru;2018;1;22257;2018;365;231;134;104;13;11;2;4;1386
Carmo do Paranaíba;2018;1;30324;2018;365;231;134;104;13;11;2;4;1386
Carmo do Rio Claro;2018;2;31441;2018;365;230;135;104;13;11;2;5;1380
Carmópolis de Minas;2018;1;19144;2018;365;232;133;104;13;11;2;3;1392
Cataguases;2018;5;103485;2018;365;231;134;104;13;11;2;4;1386
Caxambu;2018;1;21703;2018;365;231;134;104;13;11;2;4;1386
Cláudio;2018;1;28366;2018;365;232;133;104;13;11;2;3;1392
Conceição das Alagoas;2018;2;33469;2018;365;231;134;104;13;11;2;4;1386
Conceição do Mato Dentro;2018;4;30378;2018;365;235;130;104;13;11;2;0;1410
Conceição do Rio Verde;2018;1;13590;2018;365;232;133;104;13;11;2;3;1392
Congonhas;2018;1;54196;2018;365;232;133;104;13;11;2;3;1392
Conquista;2018;1;6908;2018;365;231;134;104;13;11;2;4;1386
Conselheiro Lafaiete;2018;9;158719;2018;365;232;133;104;13;11;2;3;1392
Conselheiro Pena;2018;4;37878;2018;365;231;134;104;13;11;2;4;1386
Contagem;2018;1;659070;2018;365;232;133;104;13;11;2;3;1392
Coração de Jesus;2018;5;48352;2018;365;233;132;104;13;11;2;2;1398
Corinto;2018;2;26906;2018;365;232;133;104;13;11;2;3;1392
Coromandel;2018;2;34954;2018;365;231;134;104;13;11;2;4;1386
Coronel Fabriciano;2018;2;118768;2018;365;232;133;104;13;11;2;3;1392
Cristina;2018;2;24394;2018;365;233;132;104;13;11;2;2;1398
Cruzília;2018;2;19254;2018;365;232;133;104;13;11;2;3;1392
Curvelo;2018;5;108491;2018;365;232;133;104;13;11;2;3;1392
Cássia;2018;3;31789;2018;365;232;133;104;13;11;2;3;1392
Diamantina;2018;9;86663;2018;365;232;133;104;13;11;2;3;1392
Divino;2018;2;27838;2018;365;231;134;104;13;11;2;4;1386
Divinópolis;2018;1;235977;2018;365;233;132;104;13;11;2;2;1398
Dores do Indaiá;2018;4;21377;2018;365;230;135;104;13;11;2;5;1380
Elói Mendes;2018;1;27823;2018;365;231;134;104;13;11;2;4;1386
Entre Rios de Minas;2018;4;31140;2018;365;232;133;104;13;11;2;3;1392
Ervália;2018;2;27254;2018;365;233;132;104;13;11;2;2;1398
Esmeraldas;2018;1;70200;2018;365;232;133;104;13;11;2;3;1392
Espera Feliz;2018;3;35647;2018;365;233;132;104;13;11;2;2;1398
Espinosa;2018;2;38156;2018;365;234;131;104;13;11;2;1;1404
Estrela do Sul;2018;3;12382;2018;365;231;134;104;13;11;2;4;1386
Eugenópolis;2018;3;18479;2018;365;231;134;104;13;11;2;4;1386
Extrema;2018;2;41691;2018;365;232;133;104;13;11;2;3;1392
Ferros;2018;5;17520;2018;365;232;133;104;13;11;2;3;1392
Formiga;2018;3;82461;2018;365;231;134;104;13;11;2;4;1386
Francisco Sá;2018;2;41334;2018;365;232;133;104;13;11;2;3;1392
Frutal;2018;4;91734;2018;365;231;134;104;13;11;2;4;1386
Galiléia;2018;3;15791;2018;365;232;133;104;13;11;2;3;1392
Governador Valadares;2018;8;318129;2018;365;231;134;104;13;11;2;4;1386
Grão-Mogol;2018;4;32933;2018;365;230;135;104;13;11;2;5;1380
Guanhães;2018;3;42769;2018;365;232;133;104;13;11;2;3;1392
Guapé;2018;1;14233;2018;365;231;134;104;13;11;2;4;1386
Guarani;2018;2;19719;2018;365;233;132;104;13;11;2;2;1398
Guaranésia;2018;1;19025;2018;365;232;133;104;13;11;2;3;1392
Guaxupé;2018;2;56459;2018;365;233;132;104;13;11;2;2;1398
Ibiraci;2018;2;18497;2018;365;232;133;104;13;11;2;3;1392
Ibirité;2018;3;226291;2018;365;230;135;104;13;11;2;5;1380
Ibiá;2018;2;28608;2018;365;231;134;104;13;11;2;4;1386
Igarapé;2018;2;73235;2018;365;230;135;104;13;11;2;5;1380
Iguatama;2018;1;7971;2018;365;231;134;104;13;11;2;4;1386
Inhapim;2018;7;63904;2018;365;232;133;104;13;11;2;3;1392
Ipanema;2018;4;35914;2018;365;232;133;104;13;11;2;3;1392
Ipatinga;2018;3;313716;2018;365;231;134;104;13;11;2;4;1386
Itabira;2018;3;132129;2018;365;232;133;104;13;11;2;3;1392
Itabirito;2018;1;51281;2018;365;231;134;104;13;11;2;4;1386
Itaguara;2018;1;13278;2018;365;233;132;104;13;11;2;2;1398
Itajubá;2018;5;115221;2018;365;230;135;104;13;11;2;5;1380
Itamarandiba;2018;3;49114;2018;365;232;133;104;13;11;2;3;1392
Itambacuri;2018;7;49930;2018;365;230;135;104;13;11;2;5;1380
Itamogi;2018;1;10229;2018;365;232;133;104;13;11;2;3;1392
Itamonte;2018;2;18123;2018;365;231;134;104;13;11;2;4;1386
Itanhandu;2018;2;23921;2018;365;233;132;104;13;11;2;2;1398
Itanhomi;2018;2;17632;2018;365;231;134;104;13;11;2;4;1386
Itapagipe;2018;2;21302;2018;365;232;133;104;13;11;2;3;1392
Itapecerica;2018;3;31381;2018;365;231;134;104;13;11;2;4;1386
Itaúna;2018;2;103598;2018;365;231;134;104;13;11;2;4;1386
Ituiutaba;2018;2;109771;2018;365;231;134;104;13;11;2;4;1386
Itumirim;2018;4;16658;2018;365;232;133;104;13;11;2;3;1392
Iturama;2018;4;60614;2018;365;231;134;104;13;11;2;4;1386
Jabuticatubas;2018;2;24132;2018;365;232;133;104;13;11;2;3;1392
Jacinto;2018;5;47041;2018;365;232;133;104;13;11;2;3;1392
Jacutinga;2018;2;28687;2018;365;231;134;104;13;11;2;4;1386
Jacuí;2018;2;12068;2018;365;232;133;104;13;11;2;3;1392
Janaúba;2018;3;88034;2018;365;232;133;104;13;11;2;3;1392
Januária;2018;5;115906;2018;365;233;132;104;13;11;2;2;1398
Jaíba;2018;2;49463;2018;365;235;130;104;13;11;2;0;1410
Jequeri;2018;3;26971;2018;365;231;134;104;13;11;2;4;1386
Jequitinhonha;2018;4;53013;2018;365;233;132;104;13;11;2;2;1398
João Monlevade;2018;1;79387;2018;365;232;133;104;13;11;2;3;1392
João Pinheiro;2018;2;64882;2018;365;230;135;104;13;11;2;5;1380
Juatuba;2018;2;33870;2018;365;235;130;104;13;11;2;0;1410
Juiz de Fora;2018;3;570511;2018;365;232;133;104;13;11;2;3;1392
Lagoa Santa;2018;1;63359;2018;365;230;135;104;13;11;2;5;1380
Lagoa da Prata;2018;2;55915;2018;365;233;132;104;13;11;2;2;1398
Lajinha;2018;3;28412;2018;365;231;134;104;13;11;2;4;1386
Lambari;2018;3;28279;2018;365;232;133;104;13;11;2;3;1392
Lavras;2018;4;118689;2018;365;232;133;104;13;11;2;3;1392
Leopoldina;2018;3;65797;2018;365;231;134;104;13;11;2;4;1386
Lima Duarte;2018;3;20254;2018;365;231;134;104;13;11;2;4;1386
Luz;2018;2;21413;2018;365;231;134;104;13;11;2;4;1386
Machado;2018;2;45404;2018;365;231;134;104;13;11;2;4;1386
Malacacheta;2018;3;36280;2018;365;231;134;104;13;11;2;4;1386
Manga;2018;3;36354;2018;365;233;132;104;13;11;2;2;1398
Manhuaçu;2018;6;142285;2018;365;231;134;104;13;11;2;4;1386
Manhumirim;2018;5;52850;2018;365;231;134;104;13;11;2;4;1386
Mantena;2018;7;64979;2018;365;232;133;104;13;11;2;3;1392
Mar de Espanha;2018;3;17434;2018;365;232;133;104;13;11;2;3;1392
Mariana;2018;2;63956;2018;365;231;134;104;13;11;2;4;1386
Martinho Campos;2018;1;13330;2018;365;231;134;104;13;11;2;4;1386
Mateus Leme;2018;1;30798;2018;365;231;134;104;13;11;2;4;1386
Matias Barbosa;2018;4;24401;2018;365;233;132;104;13;11;2;2;1398
Matozinhos;2018;3;57781;2018;365;229;136;104;13;11;2;6;1374
Medina;2018;3;49068;2018;365;230;135;104;13;11;2;5;1380
Mercês;2018;1;10720;2018;365;231;134;104;13;11;2;4;1386
Mesquita;2018;3;15175;2018;365;231;134;104;13;11;2;4;1386
Minas Novas;2018;5;76822;2018;365;231;134;104;13;11;2;4;1386
Miradouro;2018;3;19239;2018;365;231;134;104;13;11;2;4;1386
Miraí;2018;2;17904;2018;365;232;133;104;13;11;2;3;1392
Montalvânia;2018;2;20745;2018;365;231;134;104;13;11;2;4;1386
Monte Alegre de Minas;2018;1;20999;2018;365;233;132;104;13;11;2;2;1398
Monte Azul;2018;3;38647;2018;365;230;135;104;13;11;2;5;1380
Monte Belo;2018;1;13180;2018;365;232;133;104;13;11;2;3;1392
Monte Carmelo;2018;4;60078;2018;365;231;134;104;13;11;2;4;1386
Monte Santo de Minas;2018;2;32191;2018;365;232;133;104;13;11;2;3;1392
Monte Sião;2018;1;23569;2018;365;232;133;104;13;11;2;3;1392
Montes Claros;2018;7;444698;2018;365;232;133;104;13;11;2;3;1392
Morada Nova de Minas;2018;2;11347;2018;365;231;134;104;13;11;2;4;1386
Muriaé;2018;3;119465;2018;365;230;135;104;13;11;2;5;1380
Mutum;2018;1;26997;2018;365;232;133;104;13;11;2;3;1392
Muzambinho;2018;2;31035;2018;365;230;135;104;13;11;2;5;1380
Nanuque;2018;2;49524;2018;365;233;132;104;13;11;2;2;1398
Natércia;2018;3;14066;2018;365;232;133;104;13;11;2;3;1392
Nepomuceno;2018;1;26709;2018;365;231;134;104;13;11;2;4;1386
Nova Era;2018;2;27855;2018;365;231;134;104;13;11;2;4;1386
Nova Lima;2018;3;120057;2018;365;232;133;104;13;11;2;3;1392
Nova Ponte;2018;2;29023;2018;365;231;134;104;13;11;2;4;1386
Nova Resende;2018;2;20800;2018;365;231;134;104;13;11;2;4;1386
Nova Serrana;2018;3;120161;2018;365;233;132;104;13;11;2;2;1398
Novo Cruzeiro;2018;4;73959;2018;365;232;133;104;13;11;2;3;1392
Oliveira;2018;2;48064;2018;365;231;134;104;13;11;2;4;1386
Ouro Branco;2018;1;39121;2018;365;230;135;104;13;11;2;5;1380
Ouro Fino;2018;2;40778;2018;365;232;133;104;13;11;2;3;1392
Ouro Preto;2018;1;73994;2018;365;232;133;104;13;11;2;3;1392
Palma;2018;2;12064;2018;365;230;135;104;13;11;2;5;1380
Paracatu;2018;1;92430;2018;365;231;134;104;13;11;2;4;1386
Paraguaçu;2018;2;23797;2018;365;231;134;104;13;11;2;4;1386
Paraisópolis;2018;4;33936;2018;365;231;134;104;13;11;2;4;1386
Paraopeba;2018;4;47094;2018;365;232;133;104;13;11;2;3;1392
Pará de Minas;2018;6;128478;2018;365;233;132;104;13;11;2;2;1398
Passa Quatro;2018;1;16294;2018;365;232;133;104;13;11;2;3;1392
Passa Tempo;2018;2;14533;2018;365;231;134;104;13;11;2;4;1386
Passos;2018;2;121405;2018;365;231;134;104;13;11;2;4;1386
Patos de Minas;2018;4;182818;2018;365;229;136;104;13;11;2;6;1374
Patrocínio;2018;4;113639;2018;365;231;134;104;13;11;2;4;1386
Pedra Azul;2018;4;53880;2018;365;232;133;104;13;11;2;3;1392
Pedralva;2018;2;15429;2018;365;232;133;104;13;11;2;3;1392
Pedro Leopoldo;2018;2;70446;2018;365;231;134;104;13;11;2;4;1386
Perdizes;2018;2;19635;2018;365;231;134;104;13;11;2;4;1386
Perdões;2018;2;26903;2018;365;232;133;104;13;11;2;3;1392
Peçanha;2018;8;55959;2018;365;232;133;104;13;11;2;3;1392
Piranga;2018;4;40010;2018;365;231;134;104;13;11;2;4;1386
Pirapetinga;2018;2;13092;2018;365;231;134;104;13;11;2;4;1386
Pirapora;2018;3;91793;2018;365;233;132;104;13;11;2;2;1398
Pitangui;2018;5;59915;2018;365;231;134;104;13;11;2;4;1386
Piumhi;2018;3;44578;2018;365;231;134;104;13;11;2;4;1386
Pompéu;2018;1;31583;2018;365;233;132;104;13;11;2;2;1398
Ponte Nova;2018;8;95972;2018;365;232;133;104;13;11;2;3;1392
Porteirinha;2018;5;63281;2018;365;233;132;104;13;11;2;2;1398
Pouso Alegre;2018;4;173541;2018;365;231;134;104;13;11;2;4;1386
Poço Fundo;2018;1;16734;2018;365;232;133;104;13;11;2;3;1392
Poços de Caldas;2018;1;166111;2018;365;232;133;104;13;11;2;3;1392
Prados;2018;2;19060;2018;365;231;134;104;13;11;2;4;1386
Prata;2018;1;27688;2018;365;234;131;104;13;11;2;1;1404
Pratápolis;2018;2;24656;2018;365;232;133;104;13;11;2;3;1392
Presidente Olegário;2018;3;36458;2018;365;230;135;104;13;11;2;5;1380
Raul Soares;2018;2;28646;2018;365;232;133;104;13;11;2;3;1392
Resende Costa;2018;2;14885;2018;365;233;132;104;13;11;2;2;1398
Resplendor;2018;3;28959;2018;365;231;134;104;13;11;2;4;1386
Ribeirão das Neves;2018;1;331045;2018;365;231;134;104;13;11;2;4;1386
Rio Casca;2018;3;25454;2018;365;233;132;104;13;11;2;2;1398
Rio Novo;2018;3;15644;2018;365;232;133;104;13;11;2;3;1392
Rio Paranaíba;2018;2;15124;2018;365;231;134;104;13;11;2;4;1386
Rio Pardo de Minas;2018;4;51202;2018;365;235;130;104;13;11;2;0;1410
Rio Piracicaba;2018;1;14346;2018;365;233;132;104;13;11;2;2;1398
Rio Pomba;2018;3;23908;2018;365;232;133;104;13;11;2;3;1392
Rio Preto;2018;3;13489;2018;365;232;133;104;13;11;2;3;1392
Rio Vermelho;2018;1;12957;2018;365;231;134;104;13;11;2;4;1386
Sabará;2018;1;135421;2018;365;232;133;104;13;11;2;3;1392
Sabinópolis;2018;2;20007;2018;365;232;133;104;13;11;2;3;1392
Sacramento;2018;1;25989;2018;365;231;134;104;13;11;2;4;1386
Salinas;2018;6;68770;2018;365;231;134;104;13;11;2;4;1386
Santa Bárbara;2018;3;46955;2018;365;231;134;104;13;11;2;4;1386
Santa Luzia;2018;1;218147;2018;365;230;135;104;13;11;2;5;1380
Santa Maria do Suaçuí;2018;3;29687;2018;365;230;135;104;13;11;2;5;1380
Santa Rita de Caldas;2018;2;19013;2018;365;232;133;104;13;11;2;3;1392
Santa Rita do Sapucaí;2018;2;48206;2018;365;231;134;104;13;11;2;4;1386
Santa Vitória;2018;1;19608;2018;365;232;133;104;13;11;2;3;1392
Santo Antônio do Monte;2018;2;32023;2018;365;232;133;104;13;11;2;3;1392
Santos Dumont;2018;5;56196;2018;365;232;133;104;13;11;2;3;1392
Senador Firmino;2018;3;16427;2018;365;231;134;104;13;11;2;4;1386
Serro;2018;4;32769;2018;365;232;133;104;13;11;2;3;1392
Sete Lagoas;2018;8;275123;2018;365;232;133;104;13;11;2;3;1392
Silvianópolis;2018;4;18661;2018;365;230;135;104;13;11;2;5;1380
São Domingos do Prata;2018;3;30699;2018;365;232;133;104;13;11;2;3;1392
São Francisco;2018;3;75532;2018;365;231;134;104;13;11;2;4;1386
São Gonçalo do Sapucaí;2018;3;35587;2018;365;231;134;104;13;11;2;4;1386
São Gotardo;2018;2;38903;2018;365;232;133;104;13;11;2;3;1392
São João Del-Rei;2018;8;147120;2018;365;232;133;104;13;11;2;3;1392
São João Evangelista;2018;3;29537;2018;365;232;133;104;13;11;2;3;1392
São João Nepomuceno;2018;3;33557;2018;365;231;134;104;13;11;2;4;1386
São João da Ponte;2018;4;59553;2018;365;233;132;104;13;11;2;2;1398
São João do Paraíso;2018;2;33787;2018;365;233;132;104;13;11;2;2;1398
São Lourenço;2018;4;59812;2018;365;232;133;104;13;11;2;3;1392
São Romão;2018;2;16005;2018;365;230;135;104;13;11;2;5;1380
São Roque de Minas;2018;2;9184;2018;365;230;135;104;13;11;2;5;1380
São Sebastião do Paraíso;2018;2;77492;2018;365;232;133;104;13;11;2;3;1392
Taiobeiras;2018;4;53582;2018;365;232;133;104;13;11;2;3;1392
Tarumirim;2018;5;38375;2018;365;231;134;104;13;11;2;4;1386
Teixeiras;2018;2;14750;2018;365;230;135;104;13;11;2;5;1380
Teófilo Otoni;2018;7;212982;2018;365;232;133;104;13;11;2;3;1392
Timóteo;2018;3;96258;2018;365;232;133;104;13;11;2;3;1392
Tiros;2018;1;6539;2018;365;232;133;104;13;11;2;3;1392
Tombos;2018;2;10676;2018;365;231;134;104;13;11;2;4;1386
Três Corações;2018;3;91189;2018;365;233;132;104;13;11;2;2;1398
Três Marias;2018;1;31984;2018;365;232;133;104;13;11;2;3;1392
Três Pontas;2018;2;63674;2018;365;232;133;104;13;11;2;3;1392
Tupaciguara;2018;2;32057;2018;365;232;133;104;13;11;2;3;1392
Turmalina;2018;4;34940;2018;365;233;132;104;13;11;2;2;1398
Uberaba;2018;5;354637;2018;365;231;134;104;13;11;2;4;1386
Uberlândia;2018;1;683247;2018;365;228;137;104;13;11;2;7;1368
Ubá;2018;5;149374;2018;365;231;134;104;13;11;2;4;1386
Unaí;2018;2;90717;2018;365;231;134;104;13;11;2;4;1386
Varginha;2018;2;146635;2018;365;233;132;104;13;11;2;2;1398
Vazante;2018;2;27128;2018;365;230;135;104;13;11;2;5;1380
Vespasiano;2018;2;148761;2018;365;233;132;104;13;11;2;2;1398
Virginópolis;2018;5;34883;2018;365;232;133;104;13;11;2;3;1392
Visconde do Rio Branco;2018;3;62755;2018;365;231;134;104;13;11;2;4;1386
Viçosa;2018;6;110874;2018;365;231;134;104;13;11;2;4;1386
Várzea da Palma;2018;2;45695;2018;365;233;132;104;13;11;2;2;1398
